07-14-2019,Holothuroidea
07-14-2019,bilateralPersonalitySplit
07-14-2019,comicCartography
07-14-2019,daystar
07-14-2019,kitUtilities
07-14-2019,phiz
07-14-2019,pondbacteriaInfectingHairFollicles
07-14-2019,putrefactiveArch
07-15-2019,coolranchBubbleGumTaffy
07-15-2019,eclipseOverLosAngeles
07-15-2019,greenKerosene
07-15-2019,groundfloorForSeaweedAndClams
07-15-2019,hiddenparasiticfalloutunravelingOnYourScreenDuringBreakfast01
07-15-2019,hiddenparasiticfalloutunravelingOnYourScreenDuringBreakfast02
07-15-2019,poolslateRestingOnStucco
07-15-2019,theblueflowerofdelicateoptimism
07-19-2019,hantmetamorphoseStrikethroughRoster
07-19-2019,inhalemoldFeelNaturalLove
07-19-2019,movingStaircase
07-19-2019,notionsofrooftopgraphite
07-19-2019,tentaculum
07-19-2019,thatflounce
07-19-2019,thatflounceMultiple
07-19-2019,thecountenanceWhenThePianoPlaysInTheMorning
07-20-2019,chemicalSlushFund01
07-20-2019,chemicalSlushFund02
07-20-2019,floatingindecision
07-20-2019,framesuponthebridgeMonitoringTheMonitorsMonitoring
07-22-2019,circularEnvelope
07-22-2019,tester01
07-22-2019,uncoveredpassageSurroundedByLiquidFire
07-22-2019,watersequesteringTheOpening
07-23-2019,asimplemethodfortransitioningawayfromyourcommonality
07-23-2019,coldsensualslashesBrandingTheSapphire
07-23-2019,curiousAmoeboid01
07-23-2019,curiousAmoeboid02
07-23-2019,curiousAmoeboid03
07-23-2019,curiousAmoeboid04
07-23-2019,curiousAmoeboid05
07-23-2019,evolvingBlowfish
07-23-2019,pacingTelescopicVision
07-23-2019,theseenTheUnseen
07-23-2019,timelapseWeatherPatterns
07-23-2019,tryingtowalkdownthehallwayBlobsKeepBlockingTheWay
07-23-2019,universalutilityataglanceTheSpoon
07-27-2019,dodgecaravanBumperProduction01
07-27-2019,dodgecaravanBumperProduction02
07-27-2019,dodgecaravanBumperProduction03
07-29-2019,TheGolfNetwork
07-29-2019,circularFan
07-29-2019,thelazyeyedviperWouldLikeToAskQuestions
07-30-2019,castedClock01
07-30-2019,castedClock02
07-30-2019,chippingempathyPenumbra
07-30-2019,movingdownWatchingTheHandMove
07-30-2019,orangeandcreamSuspendedLineDessert
07-30-2019,propellerUmbrella
07-30-2019,sawedcloudsIntervenedByTheRedBridge
07-30-2019,snowExcision
07-30-2019,spindriftOrbs
07-30-2019,thetipofalludedfantasySeenInTheBlinds
07-30-2019,whiteheatFeelsLikeHome
