/Volumes/vs05-112016-082017/2016-12-december/12-12-2016/png/facemelt/facemelt.png,PNG (Portable Network Graphics),image/png,DirectClass,16x16+0+0,1x1,16x16,Undefined,sRGB,PaletteAlpha,Undefined,Undefined,8-bit,8-bit,8-bit,8-bit,1-bit,256,0,0.988235,0.549449,0.251529,-0.598081,-0.451866,0.973948,0.00784314,1,0.511458,0.230142,-0.796557,-0.140833,0.97267,0,0.988235,0.512408,0.302946,-1.32369,-0.238543,0.975843,0,1,0.996094,0.0625,249.023,-15.813,0.0368745,0,1,0.642352,0.211779,-0.983693,-0.429588,0.739834,256,Perceptual,0.454545,"(0.64,0.33)","(0.3,0.6)","(0.15,0.06)","(0.3127,0.329)",grey74,white,"srgb(223,223,223)",none,None,Undefined,Over,16x16+0+0,Undefined,0,Zip,Undefined,2019-08-08T18:13:11+00:00,2019-08-08T18:13:11+00:00,8,8,6,6 (RGBA),0 (Not interlaced),"16, 16","x_res=1, y_res=1, units=0",intent=0 (Perceptual Intent),62f34ce916d1644ee2fc02c153778b8c72f35932618fc63f4f5fc8a34ba50db6,true,False,1025B,256,182275P,0.000u,0:01.001,ImageMagick 7.0.8-50 Q16 x86_64 2019-06-25 https://imagemagick.org
/Volumes/vs05-112016-082017/2016-12-december/12-16-2016/png/bingoBleeder/bingoBleeder.png,PNG (Portable Network Graphics),image/png,DirectClass,16x16+0+0,1x1,16x16,Undefined,sRGB,PaletteAlpha,Undefined,Undefined,8-bit,8-bit,8-bit,8-bit,1-bit,256,0,0.976471,0.561535,0.33941,-1.20186,-0.621037,0.940344,0,1,0.497855,0.381138,-1.6393,-0.0524439,0.916693,0,1,0.724035,0.288542,-0.312697,-0.950857,0.924562,0,1,0.996094,0.0625,249.023,-15.813,0.0368745,0,1,0.69488,0.267898,-0.689155,-0.903039,0.704618,254,Perceptual,0.454545,"(0.64,0.33)","(0.3,0.6)","(0.15,0.06)","(0.3127,0.329)",grey74,white,"srgb(223,223,223)",none,None,Undefined,Over,16x16+0+0,Undefined,0,Zip,Undefined,2019-08-08T18:13:31+00:00,2019-08-08T18:13:31+00:00,8,8,6,6 (RGBA),0 (Not interlaced),"16, 16","x_res=1, y_res=1, units=0",intent=0 (Perceptual Intent),31b4a3cec9a9a5f9e07ba913f4f6a112131a771eed85110c5bf21787843b2ec9,true,False,977B,256,216823P,0.000u,0:01.001,ImageMagick 7.0.8-50 Q16 x86_64 2019-06-25 https://imagemagick.org
/Volumes/vs05-112016-082017/2016-12-december/12-16-2016/png/facelessRegressionAchievement/facelessRegressionAchievement.png,PNG (Portable Network Graphics),image/png,DirectClass,16x16+0+0,1x1,16x16,Undefined,sRGB,PaletteAlpha,Undefined,Undefined,8-bit,8-bit,8-bit,8-bit,1-bit,256,0,0.556863,0.0391697,0.0971667,12.2908,3.5251,0.629518,0,1,0.48776,0.318395,-1.43158,-0.178233,0.950254,0,0.996078,0.717494,0.25476,0.53074,-1.04656,0.946713,0,1,0.996094,0.0625,249.023,-15.813,0.0368745,0,1,0.560129,0.183205,-1.61022,-0.289992,0.64084,252,Perceptual,0.454545,"(0.64,0.33)","(0.3,0.6)","(0.15,0.06)","(0.3127,0.329)",grey74,white,"srgb(223,223,223)",none,None,Undefined,Over,16x16+0+0,Undefined,0,Zip,Undefined,2019-08-08T18:13:42+00:00,2019-08-08T18:13:42+00:00,8,8,6,6 (RGBA),0 (Not interlaced),"16, 16","x_res=1, y_res=1, units=0",intent=0 (Perceptual Intent),6c276e3054cd68eb16970d79c2e7fbf6634f474b4c56cd78ec1253e22bd13a74,true,False,907B,256,211463P,0.000u,0:01.001,ImageMagick 7.0.8-50 Q16 x86_64 2019-06-25 https://imagemagick.org
/Volumes/vs05-112016-082017/2016-12-december/12-16-2016/png/laseredsalineRealizingThePerceptionOfOthers/laseredsalineRealizingThePerceptionOfOthers.png,PNG (Portable Network Graphics),image/png,DirectClass,16x16+0+0,1x1,16x16,Undefined,sRGB,PaletteAlpha,Undefined,Undefined,8-bit,8-bit,8-bit,8-bit,1-bit,256,0,0.996078,0.545083,0.384069,-1.63802,-0.221325,0.94225,0,1,0.546278,0.370898,-1.54659,-0.273714,0.913599,0,1,0.853217,0.238951,3.72179,-2.17021,0.855968,0,1,0.996094,0.0625,249.023,-15.813,0.0368745,0,1,0.735168,0.264104,-0.431527,-1.09164,0.687173,254,Perceptual,0.454545,"(0.64,0.33)","(0.3,0.6)","(0.15,0.06)","(0.3127,0.329)",grey74,white,"srgb(223,223,223)",none,None,Undefined,Over,16x16+0+0,Undefined,0,Zip,Undefined,2019-08-08T18:13:51+00:00,2019-08-08T18:13:51+00:00,8,8,6,6 (RGBA),0 (Not interlaced),"16, 16","x_res=1, y_res=1, units=0",intent=0 (Perceptual Intent),b2462cdae1e88083a0a2aadabf3a0e1121a1e5001e0db61fa99fbc2d27acc8eb,true,False,940B,256,237956P,0.000u,0:01.001,ImageMagick 7.0.8-50 Q16 x86_64 2019-06-25 https://imagemagick.org
/Volumes/vs05-112016-082017/2016-12-december/12-16-2016/png/stingrayHypnosis/stingrayHypnosis.png,PNG (Portable Network Graphics),image/png,DirectClass,16x16+0+0,1x1,16x16,Undefined,sRGB,PaletteAlpha,Undefined,Undefined,8-bit,8-bit,8-bit,8-bit,1-bit,256,0,0.996078,0.668765,0.266283,-0.910439,-0.425009,0.951303,0,1,0.478416,0.37205,-1.55514,-0.0400267,0.871796,0,1,0.569776,0.301901,-1.35422,0.080041,0.957071,0,1,0.996094,0.0625,249.023,-15.813,0.0368745,0,1,0.678263,0.250684,-0.972939,-0.644736,0.704261,255,Perceptual,0.454545,"(0.64,0.33)","(0.3,0.6)","(0.15,0.06)","(0.3127,0.329)",grey74,white,"srgb(223,223,223)",none,None,Undefined,Over,16x16+0+0,Undefined,0,Zip,Undefined,2019-08-08T18:14:08+00:00,2019-08-08T18:14:08+00:00,8,8,6,6 (RGBA),0 (Not interlaced),"16, 16","x_res=1, y_res=1, units=0",intent=0 (Perceptual Intent),f72d0bd2d68f7209a7cf7e98296253d148c9403f199e5c6c671f4aa89c53a359,true,False,976B,256,206674P,0.000u,0:01.001,ImageMagick 7.0.8-50 Q16 x86_64 2019-06-25 https://imagemagick.org
/Volumes/vs05-112016-082017/2016-12-december/12-18-2016/png/phoneconversationHighlighterSwirls/phoneconversationHighlighterSwirls.png,PNG (Portable Network Graphics),image/png,DirectClass,16x16+0+0,1x1,16x16,Undefined,sRGB,PaletteAlpha,Undefined,Undefined,8-bit,8-bit,8-bit,8-bit,1-bit,256,0,0.980392,0.80939,0.193736,5.45035,-2.27346,0.905508,0,1,0.572426,0.371094,-1.44528,-0.341834,0.906276,0,0.796078,0.457184,0.149136,0.551174,-0.832578,0.963295,0,1,0.996094,0.0625,249.023,-15.813,0.0368745,0,1,0.708774,0.194116,-0.521347,-0.804204,0.702989,255,Perceptual,0.454545,"(0.64,0.33)","(0.3,0.6)","(0.15,0.06)","(0.3127,0.329)",grey74,white,"srgb(223,223,223)",none,None,Undefined,Over,16x16+0+0,Undefined,0,Zip,Undefined,2019-08-08T18:14:26+00:00,2019-08-08T18:14:26+00:00,8,8,6,6 (RGBA),0 (Not interlaced),"16, 16","x_res=1, y_res=1, units=0",intent=0 (Perceptual Intent),d5f90a817e4d31d34f298857c40a80fe962429c1b5e318ce28ce89383e21191a,true,False,977B,256,212463P,0.000u,0:01.001,ImageMagick 7.0.8-50 Q16 x86_64 2019-06-25 https://imagemagick.org
/Volumes/vs05-112016-082017/2016-12-december/12-18-2016/png/snottyDragonfruit/snottyDragonfruit.png,PNG (Portable Network Graphics),image/png,DirectClass,16x16+0+0,1x1,16x16,Undefined,sRGB,PaletteAlpha,Undefined,Undefined,8-bit,8-bit,8-bit,8-bit,1-bit,256,0,0.996078,0.628508,0.309195,-1.10419,-0.472999,0.958436,0,1,0.640993,0.330558,-0.893402,-0.706211,0.938996,0,0.996078,0.663082,0.225841,-0.139657,-0.408807,0.971339,0,1,0.996094,0.0625,249.023,-15.813,0.0368745,0,1,0.732169,0.232023,-0.239481,-0.942929,0.726411,256,Perceptual,0.454545,"(0.64,0.33)","(0.3,0.6)","(0.15,0.06)","(0.3127,0.329)",grey74,white,"srgb(223,223,223)",none,None,Undefined,Over,16x16+0+0,Undefined,0,Zip,Undefined,2019-08-08T18:14:56+00:00,2019-08-08T18:14:56+00:00,8,8,6,6 (RGBA),0 (Not interlaced),"16, 16","x_res=1, y_res=1, units=0",intent=0 (Perceptual Intent),e194a98cea853c9df3fafc88c00681b5dd36df0973e8f2b3fb6e83c21deb4e74,true,False,993B,256,239658P,0.000u,0:01.001,ImageMagick 7.0.8-50 Q16 x86_64 2019-06-25 https://imagemagick.org
/Volumes/vs05-112016-082017/2016-12-december/12-18-2016/png/tricklingambitionLeavingCrustOnStraws/tricklingambitionLeavingCrustOnStraws.png,PNG (Portable Network Graphics),image/png,DirectClass,16x16+0+0,1x1,16x16,Undefined,sRGB,PaletteAlpha,Undefined,Undefined,8-bit,8-bit,8-bit,8-bit,1-bit,256,0,0.996078,0.471661,0.29989,-1.35285,-0.0237726,0.971692,0,1,0.665977,0.348906,-0.984983,-0.744492,0.892576,0,0.996078,0.762209,0.217697,1.28214,-1.15327,0.9384,0,1,0.996094,0.0625,249.023,-15.813,0.0368745,0,1,0.723985,0.232248,-0.389695,-0.965788,0.709886,256,Perceptual,0.454545,"(0.64,0.33)","(0.3,0.6)","(0.15,0.06)","(0.3127,0.329)",grey74,white,"srgb(223,223,223)",none,None,Undefined,Over,16x16+0+0,Undefined,0,Zip,Undefined,2019-08-08T18:15:19+00:00,2019-08-08T18:15:19+00:00,8,8,6,6 (RGBA),0 (Not interlaced),"16, 16","x_res=1, y_res=1, units=0",intent=0 (Perceptual Intent),009530368e730a2b72e306994417a250829dab6bbcb78dc4246c789ff5186f57,true,False,985B,256,240689P,0.000u,0:01.001,ImageMagick 7.0.8-50 Q16 x86_64 2019-06-25 https://imagemagick.org
/Volumes/vs05-112016-082017/2016-12-december/12-19-2016/png/bluejacketStinger/bluejacketStinger.png,PNG (Portable Network Graphics),image/png,DirectClass,16x16+0+0,1x1,16x16,Undefined,sRGB,PaletteAlpha,Undefined,Undefined,8-bit,8-bit,8-bit,8-bit,1-bit,256,0,0.913725,0.608502,0.293711,-1.00878,-0.67689,0.935688,0,1,0.61368,0.295099,-1.02426,-0.672449,0.926558,0,0.988235,0.627895,0.261165,-0.754767,-0.525197,0.972601,0,1,0.996094,0.0625,249.023,-15.813,0.0368745,0,1,0.711543,0.228119,-0.474722,-0.886635,0.71793,256,Perceptual,0.454545,"(0.64,0.33)","(0.3,0.6)","(0.15,0.06)","(0.3127,0.329)",grey74,white,"srgb(223,223,223)",none,None,Undefined,Over,16x16+0+0,Undefined,0,Zip,Undefined,2019-08-08T18:15:22+00:00,2019-08-08T18:15:22+00:00,8,8,6,6 (RGBA),0 (Not interlaced),"16, 16","x_res=1, y_res=1, units=0",intent=0 (Perceptual Intent),d3329c9f07a6b00c280feb2c462d4aabfa9a824ac9888111b02f444b87060cbd,true,False,960B,256,250112P,0.000u,0:01.001,ImageMagick 7.0.8-50 Q16 x86_64 2019-06-25 https://imagemagick.org
/Volumes/vs05-112016-082017/2016-12-december/12-19-2016/png/coolingRootRepair/coolingRootRepair.png,PNG (Portable Network Graphics),image/png,DirectClass,16x16+0+0,1x1,16x16,Undefined,sRGB,PaletteAlpha,Undefined,Undefined,8-bit,8-bit,8-bit,8-bit,1-bit,256,0,0.968627,0.270512,0.331078,-0.834723,0.856632,0.804112,0,1,0.541942,0.282263,-1.03193,-0.346553,0.963431,0,0.968627,0.487623,0.248925,-0.626088,0.0861428,0.970729,0,1,0.996094,0.0625,249.023,-15.813,0.0368745,0,1,0.574043,0.231191,-1.37228,-0.260996,0.693787,256,Perceptual,0.454545,"(0.64,0.33)","(0.3,0.6)","(0.15,0.06)","(0.3127,0.329)",grey74,white,"srgb(223,223,223)",none,None,Undefined,Over,16x16+0+0,Undefined,0,Zip,Undefined,2019-08-08T18:16:10+00:00,2019-08-08T18:16:10+00:00,8,8,6,6 (RGBA),0 (Not interlaced),"16, 16","x_res=1, y_res=1, units=0",intent=0 (Perceptual Intent),24191210ddecf22dc154e79f357bccbefd626def463abc4ecc6c516293d245e0,true,False,981B,256,226723P,0.000u,0:01.001,ImageMagick 7.0.8-50 Q16 x86_64 2019-06-25 https://imagemagick.org
/Volumes/vs05-112016-082017/2016-12-december/12-19-2016/png/excessfluidsAlwaysFindTheEdge1/excessfluidsAlwaysFindTheEdge1.png,PNG (Portable Network Graphics),image/png,DirectClass,16x16+0+0,1x1,16x16,Undefined,sRGB,PaletteAlpha,Undefined,Undefined,8-bit,8-bit,8-bit,8-bit,1-bit,256,0,0.8,0.39061,0.165567,-0.420815,-0.129565,0.964845,0,1,0.451547,0.349042,-1.63916,-0.0281358,0.903903,0,0.952941,0.563649,0.297125,-1.15274,-0.42014,0.970049,0,1,0.996094,0.0625,249.023,-15.813,0.0368745,0,1,0.600475,0.218559,-1.30268,-0.276545,0.718918,256,Perceptual,0.454545,"(0.64,0.33)","(0.3,0.6)","(0.15,0.06)","(0.3127,0.329)",grey74,white,"srgb(223,223,223)",none,None,Undefined,Over,16x16+0+0,Undefined,0,Zip,Undefined,2019-08-08T18:16:26+00:00,2019-08-08T18:16:26+00:00,8,8,6,6 (RGBA),0 (Not interlaced),"16, 16","x_res=1, y_res=1, units=0",intent=0 (Perceptual Intent),3a4a8d02255a2e35a6608c89a8d1a391aec44c1c2aa9dba96b4128c3e8d7e4c7,true,False,1003B,256,214453P,0.000u,0:01.001,ImageMagick 7.0.8-50 Q16 x86_64 2019-06-25 https://imagemagick.org
/Volumes/vs05-112016-082017/2016-12-december/12-19-2016/png/excessfluidsAlwaysFindTheEdge2/excessfluidsAlwaysFindTheEdge2.png,PNG (Portable Network Graphics),image/png,DirectClass,16x16+0+0,1x1,16x16,Undefined,sRGB,PaletteAlpha,Undefined,Undefined,8-bit,8-bit,8-bit,8-bit,1-bit,256,0,0.784314,0.434513,0.180368,-0.451205,-0.244138,0.960613,0,1,0.676394,0.287642,-0.441649,-1.0237,0.927768,0,0.960784,0.690533,0.28479,-0.437716,-0.991678,0.928372,0,1,0.996094,0.0625,249.023,-15.813,0.0368745,0,1,0.699383,0.203825,-0.836693,-0.699773,0.713407,256,Perceptual,0.454545,"(0.64,0.33)","(0.3,0.6)","(0.15,0.06)","(0.3127,0.329)",grey74,white,"srgb(223,223,223)",none,None,Undefined,Over,16x16+0+0,Undefined,0,Zip,Undefined,2019-08-08T18:16:38+00:00,2019-08-08T18:16:38+00:00,8,8,6,6 (RGBA),0 (Not interlaced),"16, 16","x_res=1, y_res=1, units=0",intent=0 (Perceptual Intent),d993c9c4d702e5c58a63530efe651a46aa7bb6fbcf175bbcf8ca4097863858b7,true,False,994B,256,244974P,0.000u,0:01.001,ImageMagick 7.0.8-50 Q16 x86_64 2019-06-25 https://imagemagick.org
/Volumes/vs05-112016-082017/2016-12-december/12-19-2016/png/perforatedExploits/perforatedExploits.png,PNG (Portable Network Graphics),image/png,DirectClass,16x16+0+0,1x1,16x16,Undefined,sRGB,PaletteAlpha,Undefined,Undefined,8-bit,8-bit,8-bit,8-bit,1-bit,256,0,0.901961,0.354105,0.331166,-1.57107,0.301473,0.884601,0,1,0.464767,0.289934,-1.37978,-0.180866,0.97165,0,0.988235,0.794332,0.222762,3.03858,-1.83368,0.918738,0,1,0.996094,0.0625,249.023,-15.813,0.0368745,0,1,0.652325,0.22659,-1.0103,-0.698926,0.702966,256,Perceptual,0.454545,"(0.64,0.33)","(0.3,0.6)","(0.15,0.06)","(0.3127,0.329)",grey74,white,"srgb(223,223,223)",none,None,Undefined,Over,16x16+0+0,Undefined,0,Zip,Undefined,2019-08-08T18:16:50+00:00,2019-08-08T18:16:50+00:00,8,8,6,6 (RGBA),0 (Not interlaced),"16, 16","x_res=1, y_res=1, units=0",intent=0 (Perceptual Intent),ac63c695bae86d8e358e6835edd7be1eb9bf3e9dcbf46b5ccc7aa984e0876e07,true,False,981B,256,227908P,0.000u,0:01.001,ImageMagick 7.0.8-50 Q16 x86_64 2019-06-25 https://imagemagick.org
/Volumes/vs05-112016-082017/2016-12-december/12-19-2016/png/sensiblewaterRibbonDuplicator/sensiblewaterRibbonDuplicator.png,PNG (Portable Network Graphics),image/png,DirectClass,16x16+0+0,1x1,16x16,Undefined,sRGB,PaletteAlpha,Undefined,Undefined,8-bit,8-bit,8-bit,8-bit,1-bit,256,0,0.658824,0.286841,0.179702,-1.07294,0.182681,0.963117,0,1,0.142693,0.186565,1.49897,1.44053,0.834828,0,0.984314,0.696293,0.293402,-0.0242018,-1.09054,0.923425,0,1,0.996094,0.0625,249.023,-15.813,0.0368745,0,1,0.53048,0.180542,-1.62689,-0.0168373,0.689561,256,Perceptual,0.454545,"(0.64,0.33)","(0.3,0.6)","(0.15,0.06)","(0.3127,0.329)",grey74,white,"srgb(223,223,223)",none,None,Undefined,Over,16x16+0+0,Undefined,0,Zip,Undefined,2019-08-08T18:17:13+00:00,2019-08-08T18:17:13+00:00,8,8,6,6 (RGBA),0 (Not interlaced),"16, 16","x_res=1, y_res=1, units=0",intent=0 (Perceptual Intent),a418e19acaff6d71d71bf69a5230ab221660c68584920a46e17221109fa94828,true,False,956B,256,256943P,0.000u,0:01.000,ImageMagick 7.0.8-50 Q16 x86_64 2019-06-25 https://imagemagick.org
/Volumes/vs05-112016-082017/2016-12-december/12-19-2016/png/simplescanningOpenCavern/simplescanningOpenCavern.png,PNG (Portable Network Graphics),image/png,DirectClass,16x16+0+0,1x1,16x16,Undefined,sRGB,PaletteAlpha,Undefined,Undefined,8-bit,8-bit,8-bit,8-bit,1-bit,256,0,0.941176,0.282169,0.307847,-0.940061,0.720746,0.839899,0,1,0.383058,0.326804,-1.46331,0.230815,0.888374,0,0.901961,0.435018,0.25531,-1.16418,-0.293683,0.96329,0,1,0.996094,0.0625,249.023,-15.813,0.0368745,0,1,0.524085,0.238115,-1.51143,-0.0795223,0.682109,256,Perceptual,0.454545,"(0.64,0.33)","(0.3,0.6)","(0.15,0.06)","(0.3127,0.329)",grey74,white,"srgb(223,223,223)",none,None,Undefined,Over,16x16+0+0,Undefined,0,Zip,Undefined,2019-08-08T18:17:53+00:00,2019-08-08T18:17:53+00:00,8,8,6,6 (RGBA),0 (Not interlaced),"16, 16","x_res=1, y_res=1, units=0",intent=0 (Perceptual Intent),83a5ad5f806724bd9c5e40686ef3e8d9b85455ed7159762eccd4100e5abbfcd0,true,False,965B,256,213370P,0.000u,0:01.001,ImageMagick 7.0.8-50 Q16 x86_64 2019-06-25 https://imagemagick.org
/Volumes/vs05-112016-082017/2016-12-december/12-22-2016/png/arrowBubbles/arrowBubbles.png,PNG (Portable Network Graphics),image/png,DirectClass,16x16+0+0,1x1,16x16,Undefined,sRGB,PaletteAlpha,Undefined,Undefined,8-bit,8-bit,8-bit,8-bit,1-bit,256,0,0.992157,0.400414,0.348919,-1.47515,0.276631,0.899789,0,1,0.335095,0.35108,-1.32207,0.531984,0.837154,0,0.996078,0.542708,0.347165,-1.42813,-0.261225,0.954276,0,1,0.996094,0.0625,249.023,-15.813,0.0368745,0,1,0.568578,0.277416,-1.58513,-0.280284,0.682023,255,Perceptual,0.454545,"(0.64,0.33)","(0.3,0.6)","(0.15,0.06)","(0.3127,0.329)",grey74,white,"srgb(223,223,223)",none,None,Undefined,Over,16x16+0+0,Undefined,0,Zip,Undefined,2019-08-08T18:18:04+00:00,2019-08-08T18:18:04+00:00,8,8,6,6 (RGBA),0 (Not interlaced),"16, 16","x_res=1, y_res=1, units=0",intent=0 (Perceptual Intent),67c6d098b0728718d9e3485536317415a937a6f2a2caef71062c30d213c6460c,true,False,963B,256,233359P,0.000u,0:01.001,ImageMagick 7.0.8-50 Q16 x86_64 2019-06-25 https://imagemagick.org
/Volumes/vs05-112016-082017/2016-12-december/12-22-2016/png/begirdedFracas1/begirdedFracas1.png,PNG (Portable Network Graphics),image/png,DirectClass,16x16+0+0,1x1,16x16,Undefined,sRGB,PaletteAlpha,Undefined,Undefined,8-bit,8-bit,8-bit,8-bit,1-bit,256,0,0.909804,0.390058,0.30021,-1.47318,0.0663932,0.935656,0,1,0.289813,0.281583,-1.32011,0.407439,0.855099,0,0.972549,0.315165,0.304318,-1.36997,0.404417,0.889623,0,1,0.996094,0.0625,249.023,-15.813,0.0368745,0,1,0.497783,0.237153,-1.54079,0.0120871,0.679313,254,Perceptual,0.454545,"(0.64,0.33)","(0.3,0.6)","(0.15,0.06)","(0.3127,0.329)",grey74,white,"srgb(223,223,223)",none,None,Undefined,Over,16x16+0+0,Undefined,0,Zip,Undefined,2019-08-08T18:18:20+00:00,2019-08-08T18:18:20+00:00,8,8,6,6 (RGBA),0 (Not interlaced),"16, 16","x_res=1, y_res=1, units=0",intent=0 (Perceptual Intent),1e462956aec26ee67b36eb6643d6300548891cb74f840bceb53def98c62733b1,true,False,956B,256,261549P,0.000u,0:01.000,ImageMagick 7.0.8-50 Q16 x86_64 2019-06-25 https://imagemagick.org
/Volumes/vs05-112016-082017/2016-12-december/12-22-2016/png/begirdedFracas2/begirdedFracas2.png,PNG (Portable Network Graphics),image/png,DirectClass,16x16+0+0,1x1,16x16,Undefined,sRGB,PaletteAlpha,Undefined,Undefined,8-bit,8-bit,8-bit,8-bit,1-bit,256,0,0.87451,0.36227,0.279343,-1.55836,-0.0286219,0.921988,0,1,0.585172,0.257725,-0.0711355,-0.9073,0.942898,0,0.94902,0.729626,0.195139,2.69134,-1.56076,0.937587,0,1,0.996094,0.0625,249.023,-15.813,0.0368745,0,1,0.66829,0.198677,-0.423218,-0.816377,0.709837,256,Perceptual,0.454545,"(0.64,0.33)","(0.3,0.6)","(0.15,0.06)","(0.3127,0.329)",grey74,white,"srgb(223,223,223)",none,None,Undefined,Over,16x16+0+0,Undefined,0,Zip,Undefined,2019-08-08T18:18:38+00:00,2019-08-08T18:18:38+00:00,8,8,6,6 (RGBA),0 (Not interlaced),"16, 16","x_res=1, y_res=1, units=0",intent=0 (Perceptual Intent),c20326d25b0446d42ec5843c60c1038d790b1e3124a9e932fa1eb0a3b6db4b2f,true,False,977B,256,245620P,0.000u,0:01.001,ImageMagick 7.0.8-50 Q16 x86_64 2019-06-25 https://imagemagick.org
/Volumes/vs05-112016-082017/2016-12-december/12-22-2016/png/begirdedFracas3/begirdedFracas3.png,PNG (Portable Network Graphics),image/png,DirectClass,16x16+0+0,1x1,16x16,Undefined,sRGB,PaletteAlpha,Undefined,Undefined,8-bit,8-bit,8-bit,8-bit,1-bit,256,0,0.905882,0.319056,0.296322,-1.19898,0.484474,0.926985,0,1,0.67405,0.202084,1.76745,-1.24962,0.910256,0,0.94902,0.652512,0.201811,1.43332,-1.13424,0.946139,0,1,0.996094,0.0625,249.023,-15.813,0.0368745,0,1,0.660428,0.190679,-0.518118,-0.766175,0.705064,256,Perceptual,0.454545,"(0.64,0.33)","(0.3,0.6)","(0.15,0.06)","(0.3127,0.329)",grey74,white,"srgb(223,223,223)",none,None,Undefined,Over,16x16+0+0,Undefined,0,Zip,Undefined,2019-08-08T18:18:54+00:00,2019-08-08T18:18:54+00:00,8,8,6,6 (RGBA),0 (Not interlaced),"16, 16","x_res=1, y_res=1, units=0",intent=0 (Perceptual Intent),4895d540bc9f71513ea1db9b2ee1dd79c38db145c20f394aa0c3a7f532c2d3ed,true,False,974B,256,243471P,0.000u,0:01.001,ImageMagick 7.0.8-50 Q16 x86_64 2019-06-25 https://imagemagick.org
/Volumes/vs05-112016-082017/2016-12-december/12-22-2016/png/begirdedFracas4/begirdedFracas4.png,PNG (Portable Network Graphics),image/png,DirectClass,16x16+0+0,1x1,16x16,Undefined,sRGB,PaletteAlpha,Undefined,Undefined,8-bit,8-bit,8-bit,8-bit,1-bit,256,0,0.945098,0.300536,0.285566,-0.782309,0.646137,0.915799,0,1,0.232414,0.305124,-0.469914,1.04703,0.780903,0,1,0.590931,0.338288,-1.23459,-0.471501,0.955329,0,1,0.996094,0.0625,249.023,-15.813,0.0368745,0,1,0.529994,0.24787,-1.66391,-0.100802,0.672226,256,Perceptual,0.454545,"(0.64,0.33)","(0.3,0.6)","(0.15,0.06)","(0.3127,0.329)",grey74,white,"srgb(223,223,223)",none,None,Undefined,Over,16x16+0+0,Undefined,0,Zip,Undefined,2019-08-08T18:19:17+00:00,2019-08-08T18:19:17+00:00,8,8,6,6 (RGBA),0 (Not interlaced),"16, 16","x_res=1, y_res=1, units=0",intent=0 (Perceptual Intent),429f160486ce046cd71923ec9271e6b9ac687092114c88ef2d0eec26684a44f3,true,False,947B,256,271203P,0.000u,0:01.000,ImageMagick 7.0.8-50 Q16 x86_64 2019-06-25 https://imagemagick.org
/Volumes/vs05-112016-082017/2016-12-december/12-22-2016/png/bloatedinkwellUnableToContainTheBlood/bloatedinkwellUnableToContainTheBlood.png,PNG (Portable Network Graphics),image/png,DirectClass,16x16+0+0,1x1,16x16,Undefined,sRGB,PaletteAlpha,Undefined,Undefined,8-bit,8-bit,8-bit,8-bit,1-bit,256,0,0.784314,0.176731,0.209807,-0.271809,0.991776,0.822021,0,1,0.424173,0.319343,-1.44079,0.0242215,0.917095,0,0.478431,0.101976,0.102705,1.13251,1.28239,0.917224,0,1,0.996094,0.0625,249.023,-15.813,0.0368745,0,1,0.424743,0.173589,-1.51907,0.412779,0.673304,256,Perceptual,0.454545,"(0.64,0.33)","(0.3,0.6)","(0.15,0.06)","(0.3127,0.329)",grey74,white,"srgb(223,223,223)",none,None,Undefined,Over,16x16+0+0,Undefined,0,Zip,Undefined,2019-08-08T18:19:33+00:00,2019-08-08T18:19:33+00:00,8,8,6,6 (RGBA),0 (Not interlaced),"16, 16","x_res=1, y_res=1, units=0",intent=0 (Perceptual Intent),820afa091f7c3f41f51c72fa4166d7822b260dbe7d5f1c8f642049cd26c83762,true,False,935B,256,271556P,0.000u,0:01.000,ImageMagick 7.0.8-50 Q16 x86_64 2019-06-25 https://imagemagick.org
/Volumes/vs05-112016-082017/2016-12-december/12-22-2016/png/finelybentSchwwaaa/finelybentSchwwaaa.png,PNG (Portable Network Graphics),image/png,DirectClass,16x16+0+0,1x1,16x16,Undefined,sRGB,PaletteAlpha,Undefined,Undefined,8-bit,8-bit,8-bit,8-bit,1-bit,256,0,0.890196,0.342693,0.270909,-1.47459,0.136433,0.925701,0,1,0.172963,0.236599,0.480469,1.25297,0.748844,0,0.968627,0.335509,0.284031,-1.33515,0.258558,0.91632,0,1,0.996094,0.0625,249.023,-15.813,0.0368745,0,1,0.461814,0.21351,-1.51393,0.197733,0.656935,255,Perceptual,0.454545,"(0.64,0.33)","(0.3,0.6)","(0.15,0.06)","(0.3127,0.329)",grey74,white,"srgb(223,223,223)",none,None,Undefined,Over,16x16+0+0,Undefined,0,Zip,Undefined,2019-08-08T18:19:43+00:00,2019-08-08T18:19:43+00:00,8,8,6,6 (RGBA),0 (Not interlaced),"16, 16","x_res=1, y_res=1, units=0",intent=0 (Perceptual Intent),0840e63900c3496dd5382cc136ce0338481020ae58274c95391b405ee7509f7f,true,False,926B,256,254568P,0.000u,0:01.001,ImageMagick 7.0.8-50 Q16 x86_64 2019-06-25 https://imagemagick.org
/Volumes/vs05-112016-082017/2016-12-december/12-22-2016/png/germDeathGlint/germDeathGlint.png,PNG (Portable Network Graphics),image/png,DirectClass,16x16+0+0,1x1,16x16,Undefined,sRGB,PaletteAlpha,Undefined,Undefined,8-bit,8-bit,8-bit,8-bit,1-bit,256,0,0.964706,0.255836,0.266442,-0.305654,0.928217,0.885261,0,1,0.431327,0.280041,-1.29693,-0.12755,0.960823,0,0.968627,0.436075,0.300756,-1.35555,-0.0643478,0.955333,0,1,0.996094,0.0625,249.023,-15.813,0.0368745,0,1,0.529833,0.227435,-1.49039,-0.0627644,0.709573,256,Perceptual,0.454545,"(0.64,0.33)","(0.3,0.6)","(0.15,0.06)","(0.3127,0.329)",grey74,white,"srgb(223,223,223)",none,None,Undefined,Over,16x16+0+0,Undefined,0,Zip,Undefined,2019-08-08T18:19:51+00:00,2019-08-08T18:19:51+00:00,8,8,6,6 (RGBA),0 (Not interlaced),"16, 16","x_res=1, y_res=1, units=0",intent=0 (Perceptual Intent),7e59e950a8798f87511818e7278c594e1d117a0f57782ad54e1eed62d60368f2,true,False,989B,256,245273P,0.000u,0:01.001,ImageMagick 7.0.8-50 Q16 x86_64 2019-06-25 https://imagemagick.org
/Volumes/vs05-112016-082017/2016-12-december/12-22-2016/png/humanEnvironmentCognition/humanEnvironmentCognition.png,PNG (Portable Network Graphics),image/png,DirectClass,16x16+0+0,1x1,16x16,Undefined,sRGB,PaletteAlpha,Undefined,Undefined,8-bit,8-bit,8-bit,8-bit,1-bit,256,0,0.960784,0.489752,0.319605,-1.37052,-0.305743,0.950116,0,1,0.270803,0.28831,-1.28554,0.536174,0.779193,0,0.988235,0.565012,0.275988,-0.775379,-0.58926,0.957267,0,1,0.996094,0.0625,249.023,-15.813,0.0368745,0,1,0.580415,0.236601,-1.31741,-0.377068,0.680863,256,Perceptual,0.454545,"(0.64,0.33)","(0.3,0.6)","(0.15,0.06)","(0.3127,0.329)",grey74,white,"srgb(223,223,223)",none,None,Undefined,Over,16x16+0+0,Undefined,0,Zip,Undefined,2019-08-08T18:20:16+00:00,2019-08-08T18:20:16+00:00,8,8,6,6 (RGBA),0 (Not interlaced),"16, 16","x_res=1, y_res=1, units=0",intent=0 (Perceptual Intent),cbec1871d260de904344b46a80c8233853ba6fbb6d36d761c0e0c334aecec7b8,true,False,956B,256,225717P,0.000u,0:01.001,ImageMagick 7.0.8-50 Q16 x86_64 2019-06-25 https://imagemagick.org
/Volumes/vs05-112016-082017/2016-12-december/12-22-2016/png/interruptedPoeticOverhang/interruptedPoeticOverhang.png,PNG (Portable Network Graphics),image/png,DirectClass,16x16+0+0,1x1,16x16,Undefined,sRGB,PaletteAlpha,Undefined,Undefined,8-bit,8-bit,8-bit,8-bit,1-bit,256,0,0.678431,0.206143,0.225884,-0.837709,0.799453,0.865841,0,1,0.240579,0.248528,-1.16437,0.528961,0.823954,0,0.356863,0.0975797,0.066053,1.43984,1.37091,0.897644,0,1,0.996094,0.0625,249.023,-15.813,0.0368745,0,1,0.385099,0.150741,-1.27323,0.635264,0.656078,255,Perceptual,0.454545,"(0.64,0.33)","(0.3,0.6)","(0.15,0.06)","(0.3127,0.329)",grey74,white,"srgb(223,223,223)",none,None,Undefined,Over,16x16+0+0,Undefined,0,Zip,Undefined,2019-08-08T18:20:24+00:00,2019-08-08T18:20:24+00:00,8,8,6,6 (RGBA),0 (Not interlaced),"16, 16","x_res=1, y_res=1, units=0",intent=0 (Perceptual Intent),173ec88353b1acfbeaa8b56ce63a3362cb2fc12beac4c6c5bd8b857df1440f89,true,False,882B,256,263301P,0.000u,0:01.000,ImageMagick 7.0.8-50 Q16 x86_64 2019-06-25 https://imagemagick.org
/Volumes/vs05-112016-082017/2016-12-december/12-22-2016/png/linesAlwaysCollapse/linesAlwaysCollapse.png,PNG (Portable Network Graphics),image/png,DirectClass,16x16+0+0,1x1,16x16,Undefined,sRGB,PaletteAlpha,Undefined,Undefined,8-bit,8-bit,8-bit,8-bit,1-bit,256,0,0.94902,0.336673,0.311798,-1.21769,0.480232,0.930504,0,1,0.154626,0.258141,1.04047,1.5661,0.642843,0,0.996078,0.399203,0.361714,-1.46502,0.354606,0.907399,0,1,0.996094,0.0625,249.023,-15.813,0.0368745,0,1,0.471649,0.248538,-1.70636,0.13544,0.629405,255,Perceptual,0.454545,"(0.64,0.33)","(0.3,0.6)","(0.15,0.06)","(0.3127,0.329)",grey74,white,"srgb(223,223,223)",none,None,Undefined,Over,16x16+0+0,Undefined,0,Zip,Undefined,2019-08-08T18:20:33+00:00,2019-08-08T18:20:33+00:00,8,8,6,6 (RGBA),0 (Not interlaced),"16, 16","x_res=1, y_res=1, units=0",intent=0 (Perceptual Intent),29ec5824a515d738ca01ad571fc1bcdc5a5061bc963ef8a73e902445d5eccdab,true,False,928B,256,250261P,0.000u,0:01.001,ImageMagick 7.0.8-50 Q16 x86_64 2019-06-25 https://imagemagick.org
/Volumes/vs05-112016-082017/2016-12-december/12-22-2016/png/mottlegermHandshakeExtension1/mottlegermHandshakeExtension1.png,PNG (Portable Network Graphics),image/png,DirectClass,16x16+0+0,1x1,16x16,Undefined,sRGB,PaletteAlpha,Undefined,Undefined,8-bit,8-bit,8-bit,8-bit,1-bit,256,0,0.878431,0.21633,0.228132,0.017832,1.01346,0.8567,0,1,0.258517,0.224245,-0.690332,0.57655,0.928704,0,0.882353,0.296201,0.245051,-0.945226,0.49113,0.951287,0,1,0.996094,0.0625,249.023,-15.813,0.0368745,0,1,0.441785,0.189982,-1.37606,0.405115,0.693391,256,Perceptual,0.454545,"(0.64,0.33)","(0.3,0.6)","(0.15,0.06)","(0.3127,0.329)",grey74,white,"srgb(223,223,223)",none,None,Undefined,Over,16x16+0+0,Undefined,0,Zip,Undefined,2019-08-08T18:20:40+00:00,2019-08-08T18:20:40+00:00,8,8,6,6 (RGBA),0 (Not interlaced),"16, 16","x_res=1, y_res=1, units=0",intent=0 (Perceptual Intent),eaf35f3bf134108d4181672b640698aff0bceb759f35527bafb6eb303435e563,true,False,947B,256,254173P,0.000u,0:01.001,ImageMagick 7.0.8-50 Q16 x86_64 2019-06-25 https://imagemagick.org
/Volumes/vs05-112016-082017/2016-12-december/12-22-2016/png/mottlegermHandshakeExtension2/mottlegermHandshakeExtension2.png,PNG (Portable Network Graphics),image/png,DirectClass,16x16+0+0,1x1,16x16,Undefined,sRGB,PaletteAlpha,Undefined,Undefined,8-bit,8-bit,8-bit,8-bit,1-bit,256,0,0.992157,0.474709,0.29971,-1.28419,-0.014101,0.975646,0,1,0.203523,0.246353,-0.2949,0.970862,0.778038,0,0.937255,0.229105,0.262591,-0.384255,0.940289,0.856466,0,1,0.996094,0.0625,249.023,-15.813,0.0368745,0,1,0.475858,0.217788,-1.58162,0.154052,0.661756,250,Perceptual,0.454545,"(0.64,0.33)","(0.3,0.6)","(0.15,0.06)","(0.3127,0.329)",grey74,white,"srgb(223,223,223)",none,None,Undefined,Over,16x16+0+0,Undefined,0,Zip,Undefined,2019-08-08T18:20:53+00:00,2019-08-08T18:20:53+00:00,8,8,6,6 (RGBA),0 (Not interlaced),"16, 16","x_res=1, y_res=1, units=0",intent=0 (Perceptual Intent),f4996549fa36e6ae610fd67a0671f160330d3b5a42e0c80a7f18cb4efcd9a81b,true,False,953B,256,252227P,0.000u,0:01.001,ImageMagick 7.0.8-50 Q16 x86_64 2019-06-25 https://imagemagick.org
/Volumes/vs05-112016-082017/2016-12-december/12-22-2016/png/oceansprayWings/oceansprayWings.png,PNG (Portable Network Graphics),image/png,DirectClass,16x16+0+0,1x1,16x16,Undefined,sRGB,PaletteAlpha,Undefined,Undefined,8-bit,8-bit,8-bit,8-bit,1-bit,256,0,1,0.638496,0.282168,-0.685041,-0.685131,0.961911,0,1,0.152803,0.231245,1.51082,1.57825,0.67849,0,1,0.748958,0.274143,0.399345,-1.20582,0.919782,0,1,0.996094,0.0625,249.023,-15.813,0.0368745,0,1,0.634088,0.212514,-1.26575,-0.589996,0.649264,254,Perceptual,0.454545,"(0.64,0.33)","(0.3,0.6)","(0.15,0.06)","(0.3127,0.329)",grey74,white,"srgb(223,223,223)",none,None,Undefined,Over,16x16+0+0,Undefined,0,Zip,Undefined,2019-08-08T18:21:02+00:00,2019-08-08T18:21:02+00:00,8,8,6,6 (RGBA),0 (Not interlaced),"16, 16","x_res=1, y_res=1, units=0",intent=0 (Perceptual Intent),e5067692a5c1d632e3ff276d149cb2fed90e7255fa9ce8a39b4a682e46a2169b,true,False,934B,256,238902P,0.000u,0:01.001,ImageMagick 7.0.8-50 Q16 x86_64 2019-06-25 https://imagemagick.org
/Volumes/vs05-112016-082017/2016-12-december/12-22-2016/png/threadedbarbSubconsciouslyEngaged/threadedbarbSubconsciouslyEngaged.png,PNG (Portable Network Graphics),image/png,DirectClass,16x16+0+0,1x1,16x16,Undefined,sRGB,PaletteAlpha,Undefined,Undefined,8-bit,8-bit,8-bit,8-bit,1-bit,256,0,0.847059,0.148866,0.182085,1.30221,1.44557,0.862163,0,1,0.285401,0.238568,-0.998866,0.381146,0.93078,0,0.94902,0.325153,0.264139,-1.06575,0.343996,0.942634,0,1,0.996094,0.0625,249.023,-15.813,0.0368745,0,1,0.438879,0.186823,-1.40337,0.383126,0.693113,256,Perceptual,0.454545,"(0.64,0.33)","(0.3,0.6)","(0.15,0.06)","(0.3127,0.329)",grey74,white,"srgb(223,223,223)",none,None,Undefined,Over,16x16+0+0,Undefined,0,Zip,Undefined,2019-08-08T18:21:12+00:00,2019-08-08T18:21:12+00:00,8,8,6,6 (RGBA),0 (Not interlaced),"16, 16","x_res=1, y_res=1, units=0",intent=0 (Perceptual Intent),3c1049868e74e9246e54696aaa8f3236a53b1f3040be21cc35e3ffebaf86268a,true,False,951B,256,229629P,0.000u,0:01.001,ImageMagick 7.0.8-50 Q16 x86_64 2019-06-25 https://imagemagick.org
/Volumes/vs05-112016-082017/2016-12-december/12-22-2016/png/timemoldedWhiteStallion/timemoldedWhiteStallion.png,PNG (Portable Network Graphics),image/png,DirectClass,16x16+0+0,1x1,16x16,Undefined,sRGB,PaletteAlpha,Undefined,Undefined,8-bit,8-bit,8-bit,8-bit,1-bit,256,0,0.996078,0.725597,0.237134,1.03347,-1.3299,0.959083,0,1,0.289108,0.312154,-0.955283,0.713778,0.83904,0,1,0.698713,0.275125,-0.0119729,-1.04052,0.959942,0,1,0.996094,0.0625,249.023,-15.813,0.0368745,0,1,0.677378,0.221728,-0.758458,-0.844921,0.698735,255,Perceptual,0.454545,"(0.64,0.33)","(0.3,0.6)","(0.15,0.06)","(0.3127,0.329)",grey74,white,"srgb(223,223,223)",none,None,Undefined,Over,16x16+0+0,Undefined,0,Zip,Undefined,2019-08-08T18:21:20+00:00,2019-08-08T18:21:20+00:00,8,8,6,6 (RGBA),0 (Not interlaced),"16, 16","x_res=1, y_res=1, units=0",intent=0 (Perceptual Intent),d6661c2ccdd7c31aef3b938480f2f4a447c66f305ce1eb903555ed79b00aa0f1,true,False,971B,256,251997P,0.000u,0:01.001,ImageMagick 7.0.8-50 Q16 x86_64 2019-06-25 https://imagemagick.org
/Volumes/vs05-112016-082017/2016-12-december/12-22-2016/png/voltaicSeaCreature/voltaicSeaCreature.png,PNG (Portable Network Graphics),image/png,DirectClass,16x16+0+0,1x1,16x16,Undefined,sRGB,PaletteAlpha,Undefined,Undefined,8-bit,8-bit,8-bit,8-bit,1-bit,256,0,0.992157,0.385769,0.341616,-1.40622,0.325162,0.913041,0,1,0.34375,0.308816,-1.19194,0.435852,0.910765,0,0.988235,0.592616,0.306434,-1.08811,-0.407796,0.960566,0,1,0.996094,0.0625,249.023,-15.813,0.0368745,0,1,0.579557,0.254841,-1.47772,-0.293527,0.705312,255,Perceptual,0.454545,"(0.64,0.33)","(0.3,0.6)","(0.15,0.06)","(0.3127,0.329)",grey74,white,"srgb(223,223,223)",none,None,Undefined,Over,16x16+0+0,Undefined,0,Zip,Undefined,2019-08-08T18:21:41+00:00,2019-08-08T18:21:41+00:00,8,8,6,6 (RGBA),0 (Not interlaced),"16, 16","x_res=1, y_res=1, units=0",intent=0 (Perceptual Intent),ff29879c5ab4845ad83b6d12755138ce41d9591a8be507736a03d825eb9ac822,true,False,982B,256,243482P,0.000u,0:01.001,ImageMagick 7.0.8-50 Q16 x86_64 2019-06-25 https://imagemagick.org
/Volumes/vs05-112016-082017/2016-12-december/12-23-2016/png/directlineAlwaysForgetting/directlineAlwaysForgetting.png,PNG (Portable Network Graphics),image/png,DirectClass,16x16+0+0,1x1,16x16,Undefined,sRGB,PaletteAlpha,Undefined,Undefined,8-bit,8-bit,8-bit,8-bit,1-bit,256,0,0.988235,0.583716,0.324146,-1.20765,-0.413708,0.966922,0,1,0.194424,0.291805,0.401929,1.35535,0.704149,0,0.886275,0.134314,0.195967,1.71833,1.60882,0.784885,0,1,0.996094,0.0625,249.023,-15.813,0.0368745,0,1,0.477137,0.218605,-1.72818,0.1141,0.623208,254,Perceptual,0.454545,"(0.64,0.33)","(0.3,0.6)","(0.15,0.06)","(0.3127,0.329)",grey74,white,"srgb(223,223,223)",none,None,Undefined,Over,16x16+0+0,Undefined,0,Zip,Undefined,2019-08-08T18:21:47+00:00,2019-08-08T18:21:47+00:00,8,8,6,6 (RGBA),0 (Not interlaced),"16, 16","x_res=1, y_res=1, units=0",intent=0 (Perceptual Intent),652752f8f71961f4d873c199635466f69d7975725ce82a3dd3edf7adf484149f,true,False,922B,256,238395P,0.000u,0:01.001,ImageMagick 7.0.8-50 Q16 x86_64 2019-06-25 https://imagemagick.org
/Volumes/vs05-112016-082017/2016-12-december/12-23-2016/png/summerApron/summerApron.png,PNG (Portable Network Graphics),image/png,DirectClass,16x16+0+0,1x1,16x16,Undefined,sRGB,PaletteAlpha,Undefined,Undefined,8-bit,8-bit,8-bit,8-bit,1-bit,256,0,0.964706,0.544746,0.276168,-0.886682,-0.569681,0.962855,0,1,0.75795,0.212333,3.02008,-1.68658,0.934785,0,0.988235,0.739001,0.226009,2.46791,-1.54812,0.935131,0,1,0.996094,0.0625,249.023,-15.813,0.0368745,0,1,0.759448,0.194253,1.05316,-1.30711,0.717411,256,Perceptual,0.454545,"(0.64,0.33)","(0.3,0.6)","(0.15,0.06)","(0.3127,0.329)",grey74,white,"srgb(223,223,223)",none,None,Undefined,Over,16x16+0+0,Undefined,0,Zip,Undefined,2019-08-08T18:21:55+00:00,2019-08-08T18:21:55+00:00,8,8,6,6 (RGBA),0 (Not interlaced),"16, 16","x_res=1, y_res=1, units=0",intent=0 (Perceptual Intent),5dbbd18bb5739600910978b8a90ab4ace43b7fe0ecfa5b302a3b250bee1cbc93,true,False,971B,256,216415P,0.000u,0:01.001,ImageMagick 7.0.8-50 Q16 x86_64 2019-06-25 https://imagemagick.org
/Volumes/vs05-112016-082017/2016-12-december/12-23-2016/png/theclawmarksiWakeUpWith01/theclawmarksiWakeUpWith01.png,PNG (Portable Network Graphics),image/png,DirectClass,16x16+0+0,1x1,16x16,Undefined,sRGB,PaletteAlpha,Undefined,Undefined,8-bit,8-bit,8-bit,8-bit,1-bit,256,0,0.964706,0.293811,0.295885,-0.899536,0.700431,0.891609,0,1,0.26852,0.295612,-0.892739,0.75034,0.861533,0,1,0.319317,0.345302,-1.03776,0.698095,0.877541,0,1,0.996094,0.0625,249.023,-15.813,0.0368745,0,1,0.469436,0.249825,-1.65815,0.167609,0.66689,256,Perceptual,0.454545,"(0.64,0.33)","(0.3,0.6)","(0.15,0.06)","(0.3127,0.329)",grey74,white,"srgb(223,223,223)",none,None,Undefined,Over,16x16+0+0,Undefined,0,Zip,Undefined,2019-08-08T18:22:13+00:00,2019-08-08T18:22:13+00:00,8,8,6,6 (RGBA),0 (Not interlaced),"16, 16","x_res=1, y_res=1, units=0",intent=0 (Perceptual Intent),5308108aee298e5e1ba8d6d8dcb1dae9fbfab4214b9f5441ccc6288bbf400b11,true,False,945B,256,253619P,0.000u,0:01.001,ImageMagick 7.0.8-50 Q16 x86_64 2019-06-25 https://imagemagick.org
/Volumes/vs05-112016-082017/2016-12-december/12-23-2016/png/theclawmarksiWakeUpWith02/theclawmarksiWakeUpWith02.png,PNG (Portable Network Graphics),image/png,DirectClass,16x16+0+0,1x1,16x16,Undefined,sRGB,PaletteAlpha,Undefined,Undefined,8-bit,8-bit,8-bit,8-bit,1-bit,256,0,0.776471,0.169256,0.220432,-0.213947,1.12135,0.795414,0,1,0.313787,0.27749,-1.37826,0.275568,0.878399,0,0.996078,0.460876,0.325566,-1.42832,-0.0375679,0.943162,0,1,0.996094,0.0625,249.023,-15.813,0.0368745,0,1,0.485003,0.221497,-1.58452,0.0921251,0.663462,254,Perceptual,0.454545,"(0.64,0.33)","(0.3,0.6)","(0.15,0.06)","(0.3127,0.329)",grey74,white,"srgb(223,223,223)",none,None,Undefined,Over,16x16+0+0,Undefined,0,Zip,Undefined,2019-08-08T18:22:32+00:00,2019-08-08T18:22:32+00:00,8,8,6,6 (RGBA),0 (Not interlaced),"16, 16","x_res=1, y_res=1, units=0",intent=0 (Perceptual Intent),c6ce6eddc39971e6c9f1da49f345dd3c826defd1b1d1dfdd1f9fc56b8f9d0b5e,true,False,937B,256,256006P,0.000u,0:01.000,ImageMagick 7.0.8-50 Q16 x86_64 2019-06-25 https://imagemagick.org
/Volumes/vs05-112016-082017/2016-12-december/12-24-2016/png/basketPlanter1/basketPlanter1.png,PNG (Portable Network Graphics),image/png,DirectClass,16x16+0+0,1x1,16x16,Undefined,sRGB,PaletteAlpha,Undefined,Undefined,8-bit,8-bit,8-bit,8-bit,1-bit,256,0,0.964706,0.471875,0.231968,-0.473051,-0.0888617,0.964168,0,1,0.540211,0.25728,-0.690993,-0.522256,0.958537,0,0.964706,0.502696,0.230609,-0.540605,-0.208607,0.969741,0,1,0.996094,0.0625,249.023,-15.813,0.0368745,0,1,0.627719,0.195589,-0.965905,-0.284973,0.73233,256,Perceptual,0.454545,"(0.64,0.33)","(0.3,0.6)","(0.15,0.06)","(0.3127,0.329)",grey74,white,"srgb(223,223,223)",none,None,Undefined,Over,16x16+0+0,Undefined,0,Zip,Undefined,2019-08-08T18:22:44+00:00,2019-08-08T18:22:44+00:00,8,8,6,6 (RGBA),0 (Not interlaced),"16, 16","x_res=1, y_res=1, units=0",intent=0 (Perceptual Intent),efa25f5237afd044b53ea890f0a07d3cad8b55885a9ca8ebbc0facecbf9f9408,true,False,1004B,256,200306P,0.000u,0:01.001,ImageMagick 7.0.8-50 Q16 x86_64 2019-06-25 https://imagemagick.org
/Volumes/vs05-112016-082017/2016-12-december/12-24-2016/png/basketPlanter2/basketPlanter2.png,PNG (Portable Network Graphics),image/png,DirectClass,16x16+0+0,1x1,16x16,Undefined,sRGB,PaletteAlpha,Undefined,Undefined,8-bit,8-bit,8-bit,8-bit,1-bit,256,0,0.952941,0.423958,0.251877,-0.82705,0.0432749,0.971844,0,1,0.462653,0.279542,-1.15871,-0.160716,0.969657,0,0.960784,0.476011,0.25091,-0.936377,-0.0152283,0.97074,0,1,0.996094,0.0625,249.023,-15.813,0.0368745,0,1,0.589679,0.211207,-1.2174,-0.181611,0.737279,256,Perceptual,0.454545,"(0.64,0.33)","(0.3,0.6)","(0.15,0.06)","(0.3127,0.329)",grey74,white,"srgb(223,223,223)",none,None,Undefined,Over,16x16+0+0,Undefined,0,Zip,Undefined,2019-08-08T18:22:59+00:00,2019-08-08T18:22:59+00:00,8,8,6,6 (RGBA),0 (Not interlaced),"16, 16","x_res=1, y_res=1, units=0",intent=0 (Perceptual Intent),a46eb38b6482f3464fff5022d8a98c245ae566c2eaaa30938488fbe5d1bceeda,true,False,1010B,256,236211P,0.000u,0:01.001,ImageMagick 7.0.8-50 Q16 x86_64 2019-06-25 https://imagemagick.org
/Volumes/vs05-112016-082017/2016-12-december/12-24-2016/png/leaflinerTransparencyKey/leaflinerTransparencyKey.png,PNG (Portable Network Graphics),image/png,DirectClass,16x16+0+0,1x1,16x16,Undefined,sRGB,PaletteAlpha,Undefined,Undefined,8-bit,8-bit,8-bit,8-bit,1-bit,256,0,0.839216,0.444271,0.21037,-0.77854,-0.0191774,0.956898,0,1,0.493214,0.232612,-0.6336,-0.428072,0.961115,0,0.65098,0.358195,0.160224,-0.6223,-0.419115,0.968547,0,1,0.996094,0.0625,249.023,-15.813,0.0368745,0,1,0.572943,0.166427,-1.14176,0.0922742,0.730859,255,Perceptual,0.454545,"(0.64,0.33)","(0.3,0.6)","(0.15,0.06)","(0.3127,0.329)",grey74,white,"srgb(223,223,223)",none,None,Undefined,Over,16x16+0+0,Undefined,0,Zip,Undefined,2019-08-08T18:23:12+00:00,2019-08-08T18:23:12+00:00,8,8,6,6 (RGBA),0 (Not interlaced),"16, 16","x_res=1, y_res=1, units=0",intent=0 (Perceptual Intent),1f6e688e212271d9895952be0551d4fe2c5162d1e7d6e813f0ff3fc79eb5a052,true,False,986B,256,185905P,0.000u,0:01.001,ImageMagick 7.0.8-50 Q16 x86_64 2019-06-25 https://imagemagick.org
/Volumes/vs05-112016-082017/2016-12-december/12-24-2016/png/saporChocolateBirr1/saporChocolateBirr1.png,PNG (Portable Network Graphics),image/png,DirectClass,16x16+0+0,1x1,16x16,Undefined,sRGB,PaletteAlpha,Undefined,Undefined,8-bit,8-bit,8-bit,8-bit,1-bit,256,0,0.956863,0.313756,0.267928,-0.260224,0.72414,0.947079,0,1,0.263572,0.287557,0.107506,1.13585,0.880618,0,0.960784,0.397779,0.245509,-0.29852,0.701085,0.962492,0,1,0.996094,0.0625,249.023,-15.813,0.0368745,0,1,0.4928,0.215873,-1.50425,0.235305,0.706766,255,Perceptual,0.454545,"(0.64,0.33)","(0.3,0.6)","(0.15,0.06)","(0.3127,0.329)",grey74,white,"srgb(223,223,223)",none,None,Undefined,Over,16x16+0+0,Undefined,0,Zip,Undefined,2019-08-08T18:23:18+00:00,2019-08-08T18:23:18+00:00,8,8,6,6 (RGBA),0 (Not interlaced),"16, 16","x_res=1, y_res=1, units=0",intent=0 (Perceptual Intent),2f5a372d5ffe7182e9c15d2379deabded3f96b9ea98a727814759127e98f3185,true,False,948B,256,132110P,0.000u,0:01.001,ImageMagick 7.0.8-50 Q16 x86_64 2019-06-25 https://imagemagick.org
/Volumes/vs05-112016-082017/2016-12-december/12-24-2016/png/saporChocolateBirr2/saporChocolateBirr2.png,PNG (Portable Network Graphics),image/png,DirectClass,16x16+0+0,1x1,16x16,Undefined,sRGB,PaletteAlpha,Undefined,Undefined,8-bit,8-bit,8-bit,8-bit,1-bit,256,0,0.6,0.206419,0.16136,-1.03987,0.373458,0.942373,0,1,0.229151,0.229222,-0.487595,0.902958,0.917391,0,0.8,0.26538,0.239365,-0.94749,0.732543,0.948632,0,1,0.996094,0.0625,249.023,-15.813,0.0368745,0,1,0.424261,0.173112,-1.31332,0.527318,0.711318,254,Perceptual,0.454545,"(0.64,0.33)","(0.3,0.6)","(0.15,0.06)","(0.3127,0.329)",grey74,white,"srgb(223,223,223)",none,None,Undefined,Over,16x16+0+0,Undefined,0,Zip,Undefined,2019-08-08T18:23:22+00:00,2019-08-08T18:23:22+00:00,8,8,6,6 (RGBA),0 (Not interlaced),"16, 16","x_res=1, y_res=1, units=0",intent=0 (Perceptual Intent),1d00bcec030dd650786cb88d4139671b6e33b9d7415d3d20b22320c87470c1c1,true,False,921B,256,211516P,0.000u,0:01.001,ImageMagick 7.0.8-50 Q16 x86_64 2019-06-25 https://imagemagick.org
/Volumes/vs05-112016-082017/2016-12-december/12-24-2016/png/saporChocolateBirr3/saporChocolateBirr3.png,PNG (Portable Network Graphics),image/png,DirectClass,16x16+0+0,1x1,16x16,Undefined,sRGB,PaletteAlpha,Undefined,Undefined,8-bit,8-bit,8-bit,8-bit,1-bit,256,0,0.752941,0.186826,0.160615,0.291654,0.802152,0.940391,0,1,0.145466,0.17531,3.51769,1.87122,0.860416,0,0.807843,0.216085,0.18516,0.823996,1.2601,0.94902,0,1,0.996094,0.0625,249.023,-15.813,0.0368745,0,1,0.386117,0.145896,-1.12602,0.743384,0.696675,253,Perceptual,0.454545,"(0.64,0.33)","(0.3,0.6)","(0.15,0.06)","(0.3127,0.329)",grey74,white,"srgb(223,223,223)",none,None,Undefined,Over,16x16+0+0,Undefined,0,Zip,Undefined,2019-08-08T18:23:24+00:00,2019-08-08T18:23:24+00:00,8,8,6,6 (RGBA),0 (Not interlaced),"16, 16","x_res=1, y_res=1, units=0",intent=0 (Perceptual Intent),aeb859325d8909ed408acd48eb2dc9b1a3d4707fa50ae226344f0bc8838065c1,true,False,882B,256,266222P,0.000u,0:01.000,ImageMagick 7.0.8-50 Q16 x86_64 2019-06-25 https://imagemagick.org
/Volumes/vs05-112016-082017/2016-12-december/12-24-2016/png/saporChocolateBirr4/saporChocolateBirr4.png,PNG (Portable Network Graphics),image/png,DirectClass,16x16+0+0,1x1,16x16,Undefined,sRGB,PaletteAlpha,Undefined,Undefined,8-bit,8-bit,8-bit,8-bit,1-bit,256,0,0.498039,0.170956,0.144505,-0.73744,0.539232,0.926216,0,1,0.173729,0.200863,1.01125,1.34285,0.861952,0,0.72549,0.265548,0.197754,-0.421014,0.74354,0.961884,0,1,0.996094,0.0625,249.023,-15.813,0.0368745,0,1,0.401582,0.151406,-1.17682,0.66351,0.696732,252,Perceptual,0.454545,"(0.64,0.33)","(0.3,0.6)","(0.15,0.06)","(0.3127,0.329)",grey74,white,"srgb(223,223,223)",none,None,Undefined,Over,16x16+0+0,Undefined,0,Zip,Undefined,2019-08-08T18:23:28+00:00,2019-08-08T18:23:28+00:00,8,8,6,6 (RGBA),0 (Not interlaced),"16, 16","x_res=1, y_res=1, units=0",intent=0 (Perceptual Intent),91bc3ff2ab7fbb75f41ca46593b980a440b3dd7c1e2249c0fc700d02683138d6,true,False,886B,256,227104P,0.000u,0:01.001,ImageMagick 7.0.8-50 Q16 x86_64 2019-06-25 https://imagemagick.org
/Volumes/vs05-112016-082017/2016-12-december/12-27-2016/png/alivefeedingImStillThinking/alivefeedingImStillThinking.png,PNG (Portable Network Graphics),image/png,DirectClass,16x16+0+0,1x1,16x16,Undefined,sRGB,PaletteAlpha,Undefined,Undefined,8-bit,8-bit,8-bit,8-bit,1-bit,256,0,1,0.51875,0.300535,-1.24579,-0.369937,0.950603,0,1,0.528707,0.299963,-1.21843,-0.388149,0.958917,0,1,0.518796,0.299909,-1.24636,-0.365389,0.960545,0,1,0.996094,0.0625,249.023,-15.813,0.0368745,0,1,0.640587,0.240727,-0.996364,-0.584268,0.726735,255,Perceptual,0.454545,"(0.64,0.33)","(0.3,0.6)","(0.15,0.06)","(0.3127,0.329)",grey74,white,"srgb(223,223,223)",none,None,Undefined,Over,16x16+0+0,Undefined,0,Zip,Undefined,2019-08-08T18:23:36+00:00,2019-08-08T18:23:36+00:00,8,8,6,6 (RGBA),0 (Not interlaced),"16, 16","x_res=1, y_res=1, units=0",intent=0 (Perceptual Intent),b88df033d984432d89f7ed90afda4aae7dce3684d7bd3957e631aa8992fc0b6d,true,False,983B,256,130142P,0.000u,0:01.001,ImageMagick 7.0.8-50 Q16 x86_64 2019-06-25 https://imagemagick.org
/Volumes/vs05-112016-082017/2016-12-december/12-27-2016/png/consciousintoringingTelepathicCathodeSOS/consciousintoringingTelepathicCathodeSOS.png,PNG (Portable Network Graphics),image/png,DirectClass,16x16+0+0,1x1,16x16,Undefined,sRGB,PaletteAlpha,Undefined,Undefined,8-bit,8-bit,8-bit,8-bit,1-bit,256,0,0.945098,0.407108,0.271809,-1.17892,0.121247,0.977548,0,1,0.415365,0.27402,-1.15822,0.119718,0.976258,0,0.945098,0.407016,0.272015,-1.1795,0.119545,0.977212,0,1,0.996094,0.0625,249.023,-15.813,0.0368745,0,1,0.556396,0.220086,-1.38001,-0.080196,0.741973,255,Perceptual,0.454545,"(0.64,0.33)","(0.3,0.6)","(0.15,0.06)","(0.3127,0.329)",grey74,white,"srgb(223,223,223)",none,None,Undefined,Over,16x16+0+0,Undefined,0,Zip,Undefined,2019-08-08T18:23:42+00:00,2019-08-08T18:23:42+00:00,8,8,6,6 (RGBA),0 (Not interlaced),"16, 16","x_res=1, y_res=1, units=0",intent=0 (Perceptual Intent),1c180f714d6e2d87a877caf0b66fe8e924cedfc1425f3c8337850775c187eb7d,true,False,978B,256,157208P,0.000u,0:01.001,ImageMagick 7.0.8-50 Q16 x86_64 2019-06-25 https://imagemagick.org
/Volumes/vs05-112016-082017/2016-12-december/12-27-2016/png/faucetedrealitiesSplashedByTheStranger/faucetedrealitiesSplashedByTheStranger.png,PNG (Portable Network Graphics),image/png,DirectClass,16x16+0+0,1x1,16x16,Undefined,sRGB,PaletteAlpha,Undefined,Undefined,8-bit,8-bit,8-bit,8-bit,1-bit,256,0,0.996078,0.528385,0.328493,-1.3263,-0.00020326,0.954867,0,1,0.701777,0.308334,-0.506633,-0.887276,0.874276,0,1,0.541789,0.376264,-1.55512,-0.134802,0.909588,0,1,0.996094,0.0625,249.023,-15.813,0.0368745,0,1,0.692011,0.268898,-0.966705,-0.739975,0.693901,256,Perceptual,0.454545,"(0.64,0.33)","(0.3,0.6)","(0.15,0.06)","(0.3127,0.329)",grey74,white,"srgb(223,223,223)",none,None,Undefined,Over,16x16+0+0,Undefined,0,Zip,Undefined,2019-08-08T18:24:20+00:00,2019-08-08T18:24:20+00:00,8,8,6,6 (RGBA),0 (Not interlaced),"16, 16","x_res=1, y_res=1, units=0",intent=0 (Perceptual Intent),0ad178235e593d3b39ed12f108dc108419f60fb495f0eaa8051d8ff9b7123f92,true,False,971B,256,223590P,0.000u,0:01.001,ImageMagick 7.0.8-50 Q16 x86_64 2019-06-25 https://imagemagick.org
/Volumes/vs05-112016-082017/2016-12-december/12-27-2016/png/kickedoverthedrumOSawSlop/kickedoverthedrumOSawSlop.png,PNG (Portable Network Graphics),image/png,DirectClass,16x16+0+0,1x1,16x16,Undefined,sRGB,PaletteAlpha,Undefined,Undefined,8-bit,8-bit,8-bit,8-bit,1-bit,256,0,1,0.552604,0.337051,-1.20488,-0.23324,0.936115,0,1,0.506955,0.360001,-1.47041,-0.0337149,0.916358,0,1,0.438143,0.405507,-1.63794,0.255396,0.865029,0,1,0.996094,0.0625,249.023,-15.813,0.0368745,0,1,0.623449,0.291265,-1.39026,-0.469605,0.688594,256,Perceptual,0.454545,"(0.64,0.33)","(0.3,0.6)","(0.15,0.06)","(0.3127,0.329)",grey74,white,"srgb(223,223,223)",none,None,Undefined,Over,16x16+0+0,Undefined,0,Zip,Undefined,2019-08-08T18:24:38+00:00,2019-08-08T18:24:38+00:00,8,8,6,6 (RGBA),0 (Not interlaced),"16, 16","x_res=1, y_res=1, units=0",intent=0 (Perceptual Intent),2a0dd34990cde67662ba41af47be62c0797e8ee91875dc63ceb0527cc4ebb1c7,true,False,951B,256,211409P,0.000u,0:01.001,ImageMagick 7.0.8-50 Q16 x86_64 2019-06-25 https://imagemagick.org
/Volumes/vs05-112016-082017/2016-12-december/12-27-2016/png/progressivememoryleakBurningVillageByVillage/progressivememoryleakBurningVillageByVillage.png,PNG (Portable Network Graphics),image/png,DirectClass,16x16+0+0,1x1,16x16,Undefined,sRGB,PaletteAlpha,Undefined,Undefined,8-bit,8-bit,8-bit,8-bit,1-bit,256,0,0.984314,0.398637,0.316191,-1.21929,0.256067,0.927152,0,1,0.576976,0.311858,-0.903743,-0.685695,0.947409,0,0.992157,0.55118,0.317866,-1.07984,-0.539399,0.962193,0,1,0.996094,0.0625,249.023,-15.813,0.0368745,0,1,0.630722,0.252104,-1.07351,-0.585942,0.718407,255,Perceptual,0.454545,"(0.64,0.33)","(0.3,0.6)","(0.15,0.06)","(0.3127,0.329)",grey74,white,"srgb(223,223,223)",none,None,Undefined,Over,16x16+0+0,Undefined,0,Zip,Undefined,2019-08-08T18:25:09+00:00,2019-08-08T18:25:09+00:00,8,8,6,6 (RGBA),0 (Not interlaced),"16, 16","x_res=1, y_res=1, units=0",intent=0 (Perceptual Intent),b60aa7b020b1847fe66b443cda3911dd51989a6b1cba2082fc365bf1be54d52d,true,False,986B,256,189921P,0.000u,0:01.001,ImageMagick 7.0.8-50 Q16 x86_64 2019-06-25 https://imagemagick.org
/Volumes/vs05-112016-082017/2016-12-december/12-28-2016/png/handmeltingPopsicle/handmeltingPopsicle.png,PNG (Portable Network Graphics),image/png,DirectClass,16x16+0+0,1x1,16x16,Undefined,sRGB,PaletteAlpha,Undefined,Undefined,8-bit,8-bit,8-bit,8-bit,1-bit,256,0,1,0.518367,0.393412,-1.59358,-0.0232905,0.84274,0,1,0.523146,0.351292,-1.35758,-0.120588,0.911334,0,1,0.469439,0.450206,-1.86241,0.111012,0.750715,0,1,0.996094,0.0625,249.023,-15.813,0.0368745,0,1,0.626762,0.314353,-1.45963,-0.497649,0.635416,256,Perceptual,0.454545,"(0.64,0.33)","(0.3,0.6)","(0.15,0.06)","(0.3127,0.329)",grey74,white,"srgb(223,223,223)",none,None,Undefined,Over,16x16+0+0,Undefined,0,Zip,Undefined,2019-08-08T18:25:21+00:00,2019-08-08T18:25:21+00:00,8,8,6,6 (RGBA),0 (Not interlaced),"16, 16","x_res=1, y_res=1, units=0",intent=0 (Perceptual Intent),19b2c5aff1508307bafc607b7c09ed209fc7f949649b54fadb74b877aa7e27b5,true,False,877B,256,133769P,0.000u,0:01.001,ImageMagick 7.0.8-50 Q16 x86_64 2019-06-25 https://imagemagick.org
/Volumes/vs05-112016-082017/2016-12-december/12-28-2016/png/movingStormfront/movingStormfront.png,PNG (Portable Network Graphics),image/png,DirectClass,16x16+0+0,1x1,16x16,Undefined,sRGB,PaletteAlpha,Undefined,Undefined,8-bit,8-bit,8-bit,8-bit,1-bit,256,0,0.992157,0.330499,0.279836,-0.606668,0.752108,0.963255,0,1,0.33724,0.281521,-0.611369,0.74912,0.961196,0,0.992157,0.328676,0.279329,-0.606242,0.751947,0.965992,0,1,0.996094,0.0625,249.023,-15.813,0.0368745,0,1,0.498127,0.225797,-1.57254,0.206642,0.731829,253,Perceptual,0.454545,"(0.64,0.33)","(0.3,0.6)","(0.15,0.06)","(0.3127,0.329)",grey74,white,"srgb(223,223,223)",none,None,Undefined,Over,16x16+0+0,Undefined,0,Zip,Undefined,2019-08-08T18:25:26+00:00,2019-08-08T18:25:26+00:00,8,8,6,6 (RGBA),0 (Not interlaced),"16, 16","x_res=1, y_res=1, units=0",intent=0 (Perceptual Intent),671f7088248be552fdc94b74551861a9329f689612d3633daf9d043a62b17a23,true,False,979B,256,184166P,0.000u,0:01.001,ImageMagick 7.0.8-50 Q16 x86_64 2019-06-25 https://imagemagick.org
/Volumes/vs05-112016-082017/2016-12-december/12-28-2016/png/pullTheSingleSheet/pullTheSingleSheet.png,PNG (Portable Network Graphics),image/png,DirectClass,16x16+0+0,1x1,16x16,Undefined,sRGB,PaletteAlpha,Undefined,Undefined,8-bit,8-bit,8-bit,8-bit,1-bit,256,0,0.996078,0.478661,0.350546,-1.4816,0.031402,0.968948,0,1,0.484544,0.350719,-1.48107,0.0232481,0.964871,0,1,0.477543,0.351049,-1.47905,0.0335939,0.967206,0,1,0.996094,0.0625,249.023,-15.813,0.0368745,0,1,0.60921,0.278703,-1.42938,-0.399366,0.734475,255,Perceptual,0.454545,"(0.64,0.33)","(0.3,0.6)","(0.15,0.06)","(0.3127,0.329)",grey74,white,"srgb(223,223,223)",none,None,Undefined,Over,16x16+0+0,Undefined,0,Zip,Undefined,2019-08-08T18:25:31+00:00,2019-08-08T18:25:31+00:00,8,8,6,6 (RGBA),0 (Not interlaced),"16, 16","x_res=1, y_res=1, units=0",intent=0 (Perceptual Intent),95734ac5d29472c6cdf1602816ba6db92c6c25bf847a56e718fff5a4b7157cd5,true,False,990B,256,195429P,0.000u,0:01.001,ImageMagick 7.0.8-50 Q16 x86_64 2019-06-25 https://imagemagick.org
/Volumes/vs05-112016-082017/2016-12-december/12-29-2016/png/candlewickSlightlyOutOfFrame/candlewickSlightlyOutOfFrame.png,PNG (Portable Network Graphics),image/png,DirectClass,16x16+0+0,1x1,16x16,Undefined,sRGB,PaletteAlpha,Undefined,Undefined,8-bit,8-bit,8-bit,8-bit,1-bit,256,0,0.984314,0.664093,0.370993,-1.02094,-0.816518,0.865953,0,1,0.660846,0.293319,-0.965624,-0.651713,0.938111,0,1,0.71515,0.247525,-0.305243,-0.791231,0.944417,0,1,0.996094,0.0625,249.023,-15.813,0.0368745,0,1,0.759046,0.243584,0.154524,-1.19917,0.696339,256,Perceptual,0.454545,"(0.64,0.33)","(0.3,0.6)","(0.15,0.06)","(0.3127,0.329)",grey74,white,"srgb(223,223,223)",none,None,Undefined,Over,16x16+0+0,Undefined,0,Zip,Undefined,2019-08-08T18:25:43+00:00,2019-08-08T18:25:43+00:00,8,8,6,6 (RGBA),0 (Not interlaced),"16, 16","x_res=1, y_res=1, units=0",intent=0 (Perceptual Intent),f3bffb98640a07ab14c2ed864e58b2193e7909d6e13aaf7d2358c8e151995428,true,False,941B,256,180848P,0.000u,0:01.001,ImageMagick 7.0.8-50 Q16 x86_64 2019-06-25 https://imagemagick.org
/Volumes/vs05-112016-082017/2016-12-december/12-29-2016/png/cobaltBleedingThroughTheCalendar/cobaltBleedingThroughTheCalendar.png,PNG (Portable Network Graphics),image/png,DirectClass,16x16+0+0,1x1,16x16,Undefined,sRGB,PaletteAlpha,Undefined,Undefined,8-bit,8-bit,8-bit,8-bit,1-bit,256,0,0.890196,0.433012,0.303447,-1.5361,-0.0471472,0.944977,0,1,0.433104,0.305336,-1.19423,-0.0134914,0.916021,0,0.996078,0.538603,0.274459,-1.02129,-0.115595,0.966428,0,1,0.996094,0.0625,249.023,-15.813,0.0368745,0,1,0.600203,0.236436,-1.2451,-0.344079,0.716075,256,Perceptual,0.454545,"(0.64,0.33)","(0.3,0.6)","(0.15,0.06)","(0.3127,0.329)",grey74,white,"srgb(223,223,223)",none,None,Undefined,Over,16x16+0+0,Undefined,0,Zip,Undefined,2019-08-08T18:26:09+00:00,2019-08-08T18:26:09+00:00,8,8,6,6 (RGBA),0 (Not interlaced),"16, 16","x_res=1, y_res=1, units=0",intent=0 (Perceptual Intent),2afc42fffe52a3cbc8581be39441b0135c8a32ef6b575246580a79e5c4226e0b,true,False,1001B,256,194609P,0.000u,0:01.001,ImageMagick 7.0.8-50 Q16 x86_64 2019-06-25 https://imagemagick.org
/Volumes/vs05-112016-082017/2016-12-december/12-29-2016/png/glowingBacilli/glowingBacilli.png,PNG (Portable Network Graphics),image/png,DirectClass,16x16+0+0,1x1,16x16,Undefined,sRGB,PaletteAlpha,Undefined,Undefined,8-bit,8-bit,8-bit,8-bit,1-bit,256,0,0.996078,0.528202,0.381366,-1.60623,-0.235967,0.921734,0,1,0.384145,0.378256,-1.55379,0.340374,0.805808,0,0.996078,0.232767,0.324473,-0.104923,1.19267,0.780719,0,1,0.996094,0.0625,249.023,-15.813,0.0368745,0,1,0.535302,0.286649,-1.74756,-0.157928,0.636284,252,Perceptual,0.454545,"(0.64,0.33)","(0.3,0.6)","(0.15,0.06)","(0.3127,0.329)",grey74,white,"srgb(223,223,223)",none,None,Undefined,Over,16x16+0+0,Undefined,0,Zip,Undefined,2019-08-08T18:26:17+00:00,2019-08-08T18:26:17+00:00,8,8,6,6 (RGBA),0 (Not interlaced),"16, 16","x_res=1, y_res=1, units=0",intent=0 (Perceptual Intent),80d1cdb1f74494a4d6c6e05930880bd36e1bc5bedd54a53949793c9af5fd7b66,true,False,894B,256,199066P,0.000u,0:01.001,ImageMagick 7.0.8-50 Q16 x86_64 2019-06-25 https://imagemagick.org
/Volumes/vs05-112016-082017/2016-12-december/12-29-2016/png/perennialBlades1/perennialBlades1.png,PNG (Portable Network Graphics),image/png,DirectClass,16x16+0+0,1x1,16x16,Undefined,sRGB,PaletteAlpha,Undefined,Undefined,8-bit,8-bit,8-bit,8-bit,1-bit,256,0,0.984314,0.556388,0.375317,-1.52421,-0.381928,0.931001,0,1,0.527803,0.388853,-1.64583,-0.251533,0.884285,0,0.905882,0.178477,0.233244,0.168782,1.16293,0.795656,0,1,0.996094,0.0625,249.023,-15.813,0.0368745,0,1,0.564691,0.264979,-1.65952,-0.27915,0.661954,255,Perceptual,0.454545,"(0.64,0.33)","(0.3,0.6)","(0.15,0.06)","(0.3127,0.329)",grey74,white,"srgb(223,223,223)",none,None,Undefined,Over,16x16+0+0,Undefined,0,Zip,Undefined,2019-08-08T18:26:39+00:00,2019-08-08T18:26:39+00:00,8,8,6,6 (RGBA),0 (Not interlaced),"16, 16","x_res=1, y_res=1, units=0",intent=0 (Perceptual Intent),9c8a8b73a1673e01239064bfd072b4a255ccefb158a81725884fac6c5bbc5f65,true,False,942B,256,173327P,0.000u,0:01.001,ImageMagick 7.0.8-50 Q16 x86_64 2019-06-25 https://imagemagick.org
/Volumes/vs05-112016-082017/2016-12-december/12-29-2016/png/perennialBlades2/perennialBlades2.png,PNG (Portable Network Graphics),image/png,DirectClass,16x16+0+0,1x1,16x16,Undefined,sRGB,PaletteAlpha,Undefined,Undefined,8-bit,8-bit,8-bit,8-bit,1-bit,256,0,0.956863,0.392371,0.342075,-1.65185,0.074041,0.86358,0,1,0.461826,0.354598,-1.59886,-0.215008,0.860188,0,0.796078,0.405162,0.16624,0.490509,-0.531381,0.945842,0,1,0.996094,0.0625,249.023,-15.813,0.0368745,0,1,0.563863,0.231353,-1.30134,-0.255337,0.676621,256,Perceptual,0.454545,"(0.64,0.33)","(0.3,0.6)","(0.15,0.06)","(0.3127,0.329)",grey74,white,"srgb(223,223,223)",none,None,Undefined,Over,16x16+0+0,Undefined,0,Zip,Undefined,2019-08-08T18:26:59+00:00,2019-08-08T18:26:59+00:00,8,8,6,6 (RGBA),0 (Not interlaced),"16, 16","x_res=1, y_res=1, units=0",intent=0 (Perceptual Intent),4e257f57257a0b5874059fe05732e1e818b8b92f34d955a3cd94c4f81b417088,true,False,958B,256,161300P,0.000u,0:01.001,ImageMagick 7.0.8-50 Q16 x86_64 2019-06-25 https://imagemagick.org
/Volumes/vs05-112016-082017/2016-12-december/12-29-2016/png/slushybinkTriangleIce/slushybinkTriangleIce.png,PNG (Portable Network Graphics),image/png,DirectClass,16x16+0+0,1x1,16x16,Undefined,sRGB,PaletteAlpha,Undefined,Undefined,8-bit,8-bit,8-bit,8-bit,1-bit,256,0,0.917647,0.363281,0.249558,-1.16511,0.0355643,0.933186,0,1,0.1892,0.206755,0.20629,0.937513,0.81454,0,0.917647,0.575582,0.207561,-0.32784,-0.44547,0.957358,0,1,0.996094,0.0625,249.023,-15.813,0.0368745,0,1,0.531039,0.181593,-1.35267,-0.0363934,0.68549,256,Perceptual,0.454545,"(0.64,0.33)","(0.3,0.6)","(0.15,0.06)","(0.3127,0.329)",grey74,white,"srgb(223,223,223)",none,None,Undefined,Over,16x16+0+0,Undefined,0,Zip,Undefined,2019-08-08T18:27:35+00:00,2019-08-08T18:27:35+00:00,8,8,6,6 (RGBA),0 (Not interlaced),"16, 16","x_res=1, y_res=1, units=0",intent=0 (Perceptual Intent),0ee44330b48c5769b90a7f919ea239721cfe237bbf6e72f5b833fe4c7ef529fb,true,False,955B,256,180211P,0.000u,0:01.001,ImageMagick 7.0.8-50 Q16 x86_64 2019-06-25 https://imagemagick.org
/Volumes/vs05-112016-082017/2016-12-december/12-29-2016/png/totemWithNowhereStairs/totemWithNowhereStairs.png,PNG (Portable Network Graphics),image/png,DirectClass,16x16+0+0,1x1,16x16,Undefined,sRGB,PaletteAlpha,Undefined,Undefined,8-bit,8-bit,8-bit,8-bit,1-bit,256,0,0.396078,0.1464,0.117078,-1.07238,0.414003,0.948622,0,1,0.157353,0.157408,1.86635,1.05583,0.821288,0,0.992157,0.409099,0.239654,-0.37925,0.435916,0.963523,0,1,0.996094,0.0625,249.023,-15.813,0.0368745,0,1,0.427237,0.14416,-1.27874,0.555176,0.692577,256,Perceptual,0.454545,"(0.64,0.33)","(0.3,0.6)","(0.15,0.06)","(0.3127,0.329)",grey74,white,"srgb(223,223,223)",none,None,Undefined,Over,16x16+0+0,Undefined,0,Zip,Undefined,2019-08-08T18:28:01+00:00,2019-08-08T18:28:01+00:00,8,8,6,6 (RGBA),0 (Not interlaced),"16, 16","x_res=1, y_res=1, units=0",intent=0 (Perceptual Intent),3bd131bb3cbf73ef663e53d208e5c1463d9aa3f3fd9904b88d96661e12f33e19,true,False,915B,256,222181P,0.000u,0:01.001,ImageMagick 7.0.8-50 Q16 x86_64 2019-06-25 https://imagemagick.org
