06-02-2017,placementTest
06-03-2017,bluesmokeGarageMethod
06-03-2017,fellthroughthezagsCannotFindTheBody
06-03-2017,staggedBlurbs
06-03-2017,whatsinYourDrawer-
06-04-2017,?
06-04-2017,bloodandgloryMarinatingTheGame
06-04-2017,chancellorPlatforms
06-04-2017,emeraldminingDeepSummerHeat
06-04-2017,infernoDashes
06-04-2017,inverseDrooling
06-04-2017,lambentWaveCoast
06-04-2017,lifePlacement01
06-04-2017,lifePlacement02
06-04-2017,manifoldDrillBit
06-04-2017,poisonBurnerScoot
06-04-2017,postdeathfloatersBeforeShutdown
06-04-2017,ranchingCandy
06-04-2017,sailbreezeMidnightRuns
06-04-2017,smallhoursTwistingDisc
06-06-2017,crepusculeDecisions
06-06-2017,factoryRunOff
06-06-2017,mindfulAdjustments
06-06-2017,peelgentlyGetReadyForTheSkinGraph
06-06-2017,seasidePeachTaffy
06-06-2017,seasideRaspberryTaffy
06-06-2017,seasideStrawnillaTaffy
06-06-2017,streamingverticalearsWithinTheVoidAlwaysListening
06-06-2017,thementalFurnace
06-06-2017,thoughtfulSpritClouds
06-06-2017,wafflingCopperTowel
06-06-2017,wafflingVanillaTowel
06-09-2017,overclockedIntoEmotionalNullification
06-09-2017,vehicleoverlookRollingWavelengths
06-17-2017,cloudedframesBeyondThePicket
06-17-2017,liquidmorphingvineLuringFlies
06-17-2017,trickledwordsIntoConnectiveTheory
06-18-2017,almostSweater
06-18-2017,bloodturnstocoolwaterAfterOnceAcceptsTheGoldenDawn
06-18-2017,fallingthroughiceWhileOnVacation
06-18-2017,foregroundLightning
06-18-2017,morguerecallTerminalTunnel
06-18-2017,quickglanceofsunAbstractedByYourGlass
06-18-2017,semblantStability
06-18-2017,stagedbasedsignDecisionsAhead
06-20-2017,aberrantbeadComposingDim
06-20-2017,benevolentGeneration
06-20-2017,claspedSpoonful
06-20-2017,concreteheatScourgingStreetsigns
06-20-2017,crowrisingbeyondthefenceBastedByTheSquareSun
06-20-2017,defensivemeasurePullingTheDayAway
06-20-2017,disrelishWastefulVerbals
06-20-2017,fluxionaldrossOneSheds
06-20-2017,ischemia
06-20-2017,knife'sEye
06-20-2017,quickMessenger
06-20-2017,rollingoilcollectingDispersing
06-20-2017,silia
06-20-2017,thinlinediagramRegardingAllConversations
06-20-2017,warehouseliftjobGildingBells
06-20-2017,wrongEyedropper1
06-20-2017,wrongEyedropper2
06-26-2017,lanesdividenoemotionsOnlyProvideResultingEmotions
06-26-2017,lookingforwaterInRiversOfGold
06-26-2017,paranoidAF
06-26-2017,serousHalcyonOsmosis
06-26-2017,walkinLookForTheNearestExit
06-27-2017,inpouringpresssureTheSaggingFace
06-27-2017,insideyournoseTruthBeTold
06-29-2017,livingroomDarkenedThroughTheBlad
06-29-2017,oceanWarfare
06-29-2017,offensiveChewer
06-29-2017,slowactionGorbNodules
06-29-2017,windowedThoroughfare
