05-12-2017,camber
05-12-2017,cogentMediation
05-12-2017,incunabulumAdage
05-12-2017,rimawordsTechnologyCreatingPsychologicalSplitters
05-12-2017,spectrumlanesPatienceByDrivingNailsThroughBone
05-12-2017,tenfoldgenerationtimedustSuspendedGelatinVacuum01
05-12-2017,tenfoldgenerationtimedustSuspendedGelatinVacuum02
05-12-2017,titaniumOwlNest
05-13-2017,breathingBREAKTHROUGHdontthink
05-13-2017,eatingPhlegmTinFoil
05-13-2017,gangreneInkNote
05-13-2017,icyVenation
05-13-2017,nascentmindConfidedToTheDiamond
05-13-2017,thewordbasedbarrierTimeReleaseForumla
05-13-2017,waterbetweenPersonalSheets
05-13-2017,whatdoesTheSpaceStaticSay
05-24-2017,discommodeTheNormal
05-24-2017,ekgcollectionPiercingTherapeutics
05-24-2017,foldedBlockchain
05-24-2017,horiztonalSeahorseWedge
05-24-2017,reachthelightindesperationTunnelsMoveVertically
05-24-2017,sputteredExpulsion
05-24-2017,talkingoceanaliensLosingCruor
05-24-2017,unsureWhatTheFrequenciesDoToMe
05-24-2017,whaleDialogue
05-24-2017,whatonehearsWhenEatenAlive
05-25-2017,aquaticdredgingWithoutEngineerExperience
05-25-2017,coolwaterGums
05-25-2017,cylindricalbladeStrippingTime
05-25-2017,denseSkyline
05-25-2017,holidayOccasions
05-25-2017,iwanttobelieve
05-25-2017,megacityMileOfLights
05-25-2017,nonBlendFold
05-25-2017,painfullyListeningForTruth
05-25-2017,passivelyobserveWatercolorConversations
05-25-2017,topThoughts
05-29-2017,disquietedBusyOvertones
05-29-2017,locksmithOpeningTheDoor
05-29-2017,psychosispuddlesChooseOne
05-29-2017,recalledAlgorithmicVoices
05-29-2017,thefeelingofsunWhenItHitsMySkin
05-30-2017,blindsvibrantEvenWhenDeaf
05-30-2017,endedbracketWaitingForTheStart
05-30-2017,fulminationOnEnlightenmentRoad
05-30-2017,memorySoot
05-30-2017,plantChat
05-30-2017,slothfulFawn
05-30-2017,torpidSappingGook
05-30-2017,turningCotton
