08-01-2017,alwaystherealwaysthereOnTheBedstand
08-01-2017,augustRain
08-01-2017,emp
08-01-2017,evaluationScan
08-01-2017,milkMatte
08-01-2017,mountainRows
08-01-2017,spotlitSidewalkSnow
08-26-2017,deepclawpatienceblockThrummingDiscomfort
08-26-2017,lightPlayfulDrooling
08-26-2017,lightPlayfulDrooling2
08-26-2017,periwinkleYellowSqueeze
08-26-2017,thenotionofoldfacesPeeringThroughVineLacedWater
08-26-2017,thenotionofoldfacesPeeringThroughVineLacedWater2
08-26-2017,untappedHumanHeatSignature
08-27-2017,Sequence 011
08-27-2017,escapewithCacophonousAwareness
08-27-2017,experimentUntilLinesAppear
08-27-2017,phantomeyedOctopusTangler
08-27-2017,prefabtwistByAddingInks
08-27-2017,signWithinTheBoundry
08-27-2017,whichPipe
08-28-2017,claspedoozePainInPastries
08-28-2017,flutteringCurtainBottom
08-28-2017,lakeMonsters
08-28-2017,onecannotmasterTimeAndLineage
08-28-2017,overintoxicatedDentistLamp
08-28-2017,structuredCityRiots
08-29-2017,bulletsBecomeEmptyRounds
08-29-2017,burningsantWithWill
08-29-2017,mouthbeadedCrusters
08-29-2017,rectangularMuscleTatter
08-29-2017,sliptarSneaks
08-29-2017,withvolitionThereAreAlwaysOptions
08-30-2017,aridlongevityBreedsWainscotedTears
08-30-2017,flutteringCurtainBottom_1
08-30-2017,howoftendoyouNotFinishThoughtsOutOfFear
08-30-2017,perspectivecolumnsMaintainTheWeighOfDebt
08-30-2017,spectorstipulesWovenInTheChimera
08-30-2017,tenebrousthoughtsLeadingToTheCorrectOutcome
08-30-2017,verdantnjectionsAsLonleyThoughtsDrift
